"","goodsname","goodsprice"
"1","푸르밀)웰치사과에이드250ML","1500"
"2","푸르밀)웰치포도에이드250ML","1500"
"3","하겐)녹차파인트","15900"
"4","하겐)딸기파인트","15900"
"5","하겐)레드벨벳치즈케이크파인트","15900"
"6","하겐)마카다미아파인트","15900"
"7","하겐)바닐라라즈베리파인트","15900"
"8","하겐)바닐라밀크티파인트","15900"
"9","하겐)바닐라파인트","15900"
"10","하겐)벨지안초콜릿&헤이즐넛파인","15900"
"11","하겐)쵸코렛파인트","15900"
"12","하겐)쿠키앤크림파인트","15900"
"13","하겐)트위스트초코딸기파인트","15900"
"14","하겐)트위스트초코바닐라파인트","15900"
"15","오뚜기)육개장(소컵)","1000"
"16","그대로쫀득고구마스틱(20G)","1500"
"17","더스윗)틱톡젤리딸기3000","3000"
"18","더스윗)틱톡젤리포도3000","3000"
"19","피니)라즈앤드블랙베리85G","1800"
"20","피니)젤리빈90G","1800"
"21","피니)젤리웜즈100G","1800"
"22","피니)콜라보틀젤리100G","1800"
"23","피니)크로커다일젤리100G","1800"
"24","피니)피지웜즈100G","1800"
"25","피니)해피믹스90G","1800"
"26","피니)해피사우워믹스90G","1800"
"27","마즈)스니커즈미니20G","600"
"28","거산)당근꿀맛고구마60G(봉)","3900"
"29","거산)찰진꿀맛고구마60G(봉)","3900"
"30","거산)호박꿀맛고구마60G(봉)","3900"
"31","거산)꿀머군고구마(120G/봉)","2800"
"32","돌)건망고(80G/봉)","4500"
"33","돌)감귤컵198G","2900"
"34","돌)망고컵198G","2900"
"35","돌)복숭아컵198G","2900"
"36","돌)파인애플컵198G","2900"
"37","TDF)조카스타웨이퍼롤메이플400G","5900"
"38","TDF)조카스타웨이퍼롤애플파이","5900"
"39","흥선)임실치즈갈릭크래커60G","1500"
"40","유어스(P)슈퍼말차워터500ML","2000"
"41","웅진)꿀홍삼PET280ML","1600"
"42","웅진)내사랑유자CPET280ML","1600"
"43","웅진)꿀먹은헛개180ML병","1400"
"44","웅진)꿀홍삼180ML병","1400"
"45","동아)데자와밀크티캔240ML","1500"
"46","썬키스트)모과생강280ML","1800"
"47","해태)썬키스트허니유자280ML","1800"
"48","조지아)맥스커피240ML","1200"
"49","조지아)카페라떼240ML","1200"
"50","팜트리)궁중발효홍삼100ML","2200"
"51","칸타타)아메리카노275ML(NB캔)","2200"
"52","칸타타)콜드브루블랙275ML(NB캔)","2200"
"53","칸타타)프리미엄라떼275ML(NB캔)","2200"
"54","레쓰비)카페타임라떼240ML","1200"
"55","레쓰비)카페타임헤이즐넛240ML","1200"
"56","흥선)떡볶이스낵김치컵라면맛","1500"
"57","흥선)빼바프로틴레드27G","1500"
"58","오징어물회330G(냉동)","8900"
"59","납딱한오다리25G","3800"
"60","대구노가리30G","3800"
"61","도톰한오징어25G","3800"
"62","켈로그)베리앤넛에너지바1400","1400"
"63","켈로그)첵스초코오리지널","1200"
"64","켈)프로틴그래놀라바고소한맛35G","1800"
"65","켈)프로틴그래놀라바사과맛30G","1800"
"66","프링글스)매콤한맛(대)","3700"
"67","프링글스)양파맛(대)","3700"
"68","프링글스)오리지날(대)","3700"
"69","프링글스)치즈맛(대)","3700"
"70","프링글스슈퍼핫갈릭새우맛110G","3700"
"71","Y(P)다운타우너치폴레소세지80G","2300"
"72","Y(P)다운타우너트러플소세지80G","2300"
"73","쫄깃한한입문어70G(냉장)","5500"
"74","맥널티)스테비아커피믹스원컵","1500"
"75","맥널티)스테비아제로슈가핫초코","1800"
"76","팔도)비빔장스틱형(10입)","7000"
"77","허쉬)머쉬멜로핫초코원컵30G","1800"
"78","허쉬)민트핫초코원컵30G","1800"
"79","티젠)핫콤부차(진저레몬)10입","7500"
"80","머거본)볶음땅콩100G","3000"
"81","하림)THE미식고시히카리밥180G","2800"
"82","하림)THE미식귀리쌀밥180G","2800"
"83","하림)THE미식잡곡밥180G","2800"
"84","하림)THE미식흑미밥180G","2800"
"85","CJ)누룽지닭백숙죽280G","4500"
"86","CJ)비비고단호박죽280G","4500"
"87","CJ)비비고매콤문어김치죽280G","4500"
"88","CJ)비비고버섯야채죽280G","4500"
"89","CJ)비비고새우계란죽280G","4500"
"90","CJ)비비고소고기죽280G","4500"
"91","CJ)비비고전복죽280G","4500"
"92","CJ)비비고통단팥죽280G","4500"
"93","CJ)비비고흑임자죽280G","4500"
"94","갓생)비비고매콤차돌된장죽280G","4500"
"95","담터)포켓몬콤부차(레몬)10입","7500"
"96","담터)포켓몬콤부차(샤인머스캣)","7500"
"97","이디야)비니스트미니오리지널","2700"
"98","이디야)비니스트스페셜10입","2700"
"99","농심)너구리큰사발(대컵)","1800"
"100","농심)무파마큰사발(대컵)","1800"
"101","농심)사천백짬뽕(대컵)","1800"
"102","농심)사천짜파게티큰사발(대컵)","1800"
"103","농심)오징어짬뽕큰사발(대컵)","1800"
"104","심플리쿡)매운소갈비찜200G","7900"
"105","고품격)매콤갈매기살300G(냉동)","9900"
"106","고품격)안창살구이300G(냉동)","9900"
"107","고품격)토시살구이300G(냉동)","9900"
"108","한일)킹볶이대컵296G","3600"
"109","에너자이저맥스플러스AA4입","7900"
"110","에너자이저맥스플러스AAA4입","7900"
"111","에너자이저맥스플러스AA2입","4300"
"112","에너자이저맥스플러스AAA2입","4300"
"113","벡셀)알카라인AA4입","4900"
"114","벡셀)알카라인AAA4입","4900"
"115","벡셀)고성능알카라인AA2입","3700"
"116","벡셀)고성능알카라인AAA2입","3700"
"117","Y(P)천하장사저지방후랑크90G","2500"
"118","대림)랍스터킹128G","4200"
"119","대림)비엔나에꼬치다90G","2800"
"120","대림)양꼬치맛에꼬치다100G","2800"
"121","OKF)그린스무디350ML","2000"
"122","OKF)옐로우스무디350ML","2000"
"123","롯데)편한하루캐모마일150ML","1700"
"124","효성)곰표찐어묵바70G","2500"
"125","동원)가쓰오크랩스144G","3900"
"126","랩노쉬)프로틴드링크라떼350ML","3200"
"127","랩노쉬)프로틴드링크바나나350ML","3200"
"128","랩노쉬)프로틴드링크카카오350ML","3200"
"129","CJ)비비고김치왕교자385G","5900"
"130","CJ)비비고매운왕교자315G","5900"
"131","CJ)비비고왕교자420G","5900"
"132","CJ)수제진한고기교자327G","5900"
"133","해태)아이비58G","1200"
"134","해태)샌드에이스(찐초코)68G","1700"
"135","해태)에이스121G","1700"
"136","해태)맛동산2000","2000"
"137","해태)구운새우60G","1500"
"138","해태)구운양파60G","1500"
"139","해태)신당동떡볶이110G","1500"
"140","효성)무직타이거찹쌀손약과50G","1000"
"141","매일)과일야채샐러드녹황190ML","2000"
"142","매일)과일야채샐러드레드190ML","2000"
"143","매일)과일야채샐러드퍼플190ML","2000"
"144","홈위드)수제초코쿠키","1500"
"145","홈위드)수제화이트쿠키","1500"
"146","에이스)추억의도나스70G","1000"
"147","맥널티)복숭아아이스티제로500ML","2000"
"148","맥널티)자몽아이스티제로500ML","2000"
"149","팜트리)샤인머스캣향스파클링","1300"
"150","아워티)레몬얼그레이티500(신)","2000"
"151","아워티)오렌지자몽블랙티500(신)","2000"
"152","일화)천연사이다350ML","1200"
"153","일화)맥콜500ML","1900"
"154","천지개벽)한라봉스파클링355ML","1300"
"155","슈가로로)스파클링복숭아350","1500"
"156","슈가로로)스파클링샤인머스캣350","1500"
"157","매일)셀렉스프로핏드링크330ML","2900"
"158","매일)셀렉스프로핏복숭아330ML","2900"
"159","매일)셀렉스프로핏아메리카노330","2900"
"160","현대)미에로화이바100ML","800"
"161","삼립)티트라레몬그린티500ML","2000"
"162","삼립)티트라피치아쌈티500ML","2000"
"163","HK)새싹차보리500ML","2000"
"164","HK)헛개수500ML","2000"
"165","HK)헛개수340ML","1500"
"166","HK)컨디션100ML","5000"
"167","HK)컨디션레이디100ML","5000"
"168","농심)백산수500ML","950"
"169","농심)백산수2L","1700"
"170","농심)파워O2(오렌지레몬)500ML","2100"
"171","CLOOP)레몬스파클링워터500ML","2000"
"172","CLOOP)샤인머스캣스파클링워터","2000"
"173","CLOOP)피치워터500ML","2000"
"174","오리온)제주용암수530ML","1000"
"175","남양)FC킬링샷라떼470ML","2500"
"176","남양)FC킬링샷아메리카노470ML","2500"
"177","매일)바리스타그란데(라떼)475ML","2500"
"178","매일)바리스타그란데(스위트)475","2500"
"179","매일)바리스타그란데(아메)475ML","2500"
"180","매일)99.89두유190ML","1000"
"181","매일)검은콩두유190ML","1000"
"182","매일)두유식이섬유190ML","1000"
"183","OKF)요구르트스파클링500ML","2000"
"184","OKF)샤인머스캣500ML","2100"
"185","종근당)속청쿨75ML","1000"
"186","광동)진쌍화100ML","1200"
"187","광동)유자쌍화150ML","1500"
"188","광동)헛개파워100ML","5000"
"189","광동)솔표위청수골드75ML","1000"
"190","광동)진한헛개차1L","2200"
"191","광동)밀싹보리차500ML","1800"
"192","종근당)락토조이S스파클링350ML","2000"
"193","해태)평창수프리미엄500ML","950"
"194","글라소)에너지500ML","2000"
"195","글라소)파워씨500ML","2000"
"196","코카)토레타500ML","2000"
"197","코카)토레타더락토500ML","2000"
"198","파워에이드)프로틴355ML","2200"
"199","코카)토레타240ML","1200"
"200","파워에이드)마운틴블러스트240ML","1200"
"201","코카)태양의식후비법W차500ML","1800"
"202","코카)환타오렌지PET600ML","2100"
"203","코카)환타파인PET600ML","2100"
"204","코카)스프라이트PET500ML","2000"
"205","코카)스프라이트제로PET500ML","2000"
"206","Y)코리안좀비에너지드링크","2000"
"207","Y)코리안좀비에너지드링크(로우)","2000"
"208","웅진)아침햇살340ML","1600"
"209","웅진)초록매실340ML","1600"
"210","유어스(P)초록매실홍차블렌딩티","2000"
"211","웅진)티즐유자그린티500ML","2000"
"212","웅진)티즐제로자몽블랙티500ML","2000"
"213","웅진)티즐피치우롱티500ML","2000"
"214","유어스)웅진팥차500ML","1600"
"215","웅진)광명찾은결명자차500ML","1600"
"216","웅진)누룽지차500ML","1600"
"217","웅진)옥수수수염차500ML","1600"
"218","진로)토닉워터제로300ML","1500"
"219","하이트)블랙보리520ML","1600"
"220","하이트)블랙보리라이트520ML","1600"
"221","동원)보성홍차아이스티레몬500","2200"
"222","동원)보성홍차아이스티복숭아500","2200"
"223","동원)양반오미자차500ML","2200"
"224","동원)보성녹차PET350ML","1200"
"225","맥심)TOP더블랙380ML","3000"
"226","맥심)TOP마스터라떼380ML","3000"
"227","맥심)TOP스위트아메리카노380ML","3000"
"228","동서)마스터스위트아메리카노240","1300"
"229","동서)마스터오리지날블랙240ML","1300"
"230","동서)마스터카페라떼240ML","1300"
"231","맥심)TOP스모키라떼275ML","2400"
"232","맥심)TOP스모키블랙275ML","2400"
"233","동서)마스터라떼500ML","2600"
"234","동서)마스터바닐라500ML","2600"
"235","동서)마스터블랙500ML","2600"
"236","맥심)TOP더블랙275ML","2400"
"237","맥심)TOP마스터라떼275ML","2400"
"238","맥심)TOP스위트아메리카노275ML","2400"
"239","롯데)숙취해소깨수깡160ML","5000"
"240","롯데)핫식스더킹러쉬355ML","2200"
"241","롯데)핫식스더킹제로355ML","2200"
"242","롯데)핫식스더킹파워355ML","2200"
"243","롯데)핫식스더킹포스355ML","2200"
"244","롯데)2%아쿠아500ML","1800"
"245","롯데)트레비라임500ML","1800"
"246","롯데)트레비레몬500ML","1800"
"247","롯데)트레비자몽500ML","1800"
"248","롯데)아이시스8.0(2.0L)","1700"
"249","롯데)아이시스8.0(500ML)","950"
"250","롯데)아이시스에코2L-PLU판매","1600"
"251","롯데)아이시스에코500ML-PLU판매","900"
"252","롯데)솔의눈500ML","2000"
"253","롯데)실론티제로500ML","2000"
"254","칸타타)콘트라베이스라떼PET500","2500"
"255","칸타타)콘트라베이스블랙PET500","2500"
"256","칸타타)콘트라베이스스윗PET500","2500"
"257","롯데)델몬트알로에400ML","2000"
"258","롯데)델몬트오렌지400ML","2000"
"259","롯데)탐스제로레몬600ML","2000"
"260","롯데)탐스제로오렌지600ML","2000"
"261","롯데)펩시제로500ML","2000"
"262","롯데)펩시콜라600MLPET","2000"
"263","롯데)펩시콜라제로캔355ML","1700"
"264","롯데)펩시콜라캔355ML","1700"
"265","정식품)국산검은콩두유병190ML","1900"
"266","정식품)베지밀B검은콩병190ML","1800"
"267","정식품)아몬드호두두유병190ML","1800"
"268","정식품)베지밀A병190ML","1600"
"269","유어스)하늘가득사과330ML","1900"
"270","유어스)하늘가득수박330ML","1900"
"271","유어스)하늘가득유자레몬330ML","1900"
"272","유어스)하늘가득자몽330ML","1900"
"273","유어스(P)톰과제리초코캔200ML","1200"
"274","테일러)푸룬딥워터180ML","4500"
"275","에이플)키스프레소블랙커피275ML","2500"
"276","에이플)프로틴스파클링포도","2000"
"277","에이플)프로틴스파클링핑크자몽","2000"
"278","동아)나랑드사이다제로245ML","1200"
"279","해광)아카시아꿀물180ML","1400"
"280","유기농오늘의야채)타요사과맛220","1400"
"281","유기농오늘의야채)타요포도맛220","1400"
"282","오리온)도도한나쵸(사워&어니언)","1500"
"283","오리온)돌아온와클76G","1500"
"284","오뚜기)밥210G(6입)","10200"
"285","오뚜기)작은밥150G","1700"
"286","오뚜기)오뚜기큰밥300G","2800"
"287","오뚜기)오뚜기밥210G","2000"
"288","오뚜기)수원식갈비탕밥311G(컵밥","4800"
"289","오뚜기)짜장컵밥(컵밥)","4800"
"290","오뚜기)참기름김치볶음밥(컵밥)","4800"
"291","오뚜기)카레컵밥(컵밥)","4800"
"292","오뚜기)쌀떡국166G","3500"
"293","오뚜기)사골곰탕500G","2500"
"294","오뚜기)남도식한우미역국500G","7800"
"295","오뚜기)안동식쇠고기국밥500G","7800"
"296","오뚜기)청주식돼지김치짜글이450","7800"
"297","켈로그)아몬드컵시리얼30G","1700"
"298","켈로그)첵스초코컵시리얼30G","1700"
"299","켈로그)콘푸로스트30G","1700"
"300","켈로그)후루트링컵시리얼30G","1700"
"301","농심)후루룩쌀국수미역국(소컵)","1800"
"302","농심)김치큰사발(대컵)","1400"
"303","농심)튀김우동큰사발(대컵)","1400"
"304","농심)우와한치즈칩42G","2500"
"305","농심)우와한콩칩42G","2500"
"306","농심)고메포테토트러플40G","2000"
"307","농심)새우깡블랙80G","2000"
"308","농심)오징어집83G","1700"
"309","농심)옥수수깡70G","1700"
"310","농심)자갈치90G","1700"
"311","심플리쿡)나주곰탕밥640G","5500"
"312","심플리쿡)대한곱창전골밥615G","5500"
"313","심플리쿡)소고기장터국밥610G","5500"
"314","홍선)훈제맛통육포40G","3500"
"315","심플리쿡)순살왕족발260G","8900"
"316","한성)꼬마육포13G","2500"
"317","한성)일품도톰육포45G","5500"
"318","한성)일품쇠고기견과포35G","5500"
"319","매일)셀렉스프로틴너츠바50G","1600"
"320","매일)셀렉스프로틴베리오트바50G","1600"
"321","위스트)보구티아메리칸쿠키135G","2500"
"322","위스트)보구티피넛쿠키150G","2500"
"323","청우)쫀득초코칩90G","2000"
"324","CJ)모닝두부(클래식)","1800"
"325","페레로)누텔라370G","6400"
"326","바프)구운양파병아리콩90G","3900"
"327","바프)군옥수수맛땅콩120G","3900"
"328","바프)마늘빵병아리콩90G","3900"
"329","바프)허니버터땅콩120G","3900"
"330","바프)구운양파아몬드30G","2200"
"331","바프)군옥수수맛아몬드40G","2200"
"332","바프)마늘빵아몬드40G","2200"
"333","바프)아몬드앤프레첼(체다치즈)","2200"
"334","바프)와사비맛아몬드40G","2200"
"335","바프)인절미아몬드40G","2200"
"336","바프)카라멜솔티드아몬드40G","2200"
"337","바프)허니버터아몬드40G","2200"
"338","CJ)스팸25%라이트340G","8200"
"339","CJ)스팸340G","8200"
"340","CJ)스팸200G","6200"
"341","CJ)스팸25%라이트200G","6200"
"342","CJ)스팸120G","4200"
"343","CJ)맛밤80G","3500"
"344","크라운)빅파이3200","3200"
"345","크라운)뽀또치즈1500","1500"
"346","크라운)참크래커1200","1200"
"347","크라운)죠리퐁1500","1500"
"348","크라운)츄러스1500","1500"
"349","크라운)카라멜콘메이플1500","1500"
"350","크라운)크로플58G","1500"
"351","CJ)햇반(구수한쌀밥)210G","2600"
"352","CJ)비비고한우사골곰탕500G","3200"
"353","CJ)비비고꼬리곰탕460G","9900"
"354","CJ)비비고도가니곰탕460G","9900"
"355","CJ)비비고사골시래기된장국460G","5900"
"356","CJ)비비고소고기미역국500G","5900"
"357","CJ)비비고육개장500G","5900"
"358","CJ)비비고콩나물황태국500G","5900"
"359","CJ)BIG간장삼겹덮밥(컵밥)","5400"
"360","CJ)BIG김치날치알밥(컵밥)","5400"
"361","CJ)BIG김치삼겹덮밥(컵밥)","5400"
"362","CJ)BIG스팸김치덮밥(컵밥)","5400"
"363","CJ)BIG스팸마요덮밥(컵밥)","5400"
"364","CJ)BIG치즈닭갈비덮밥(컵밥)","5400"
"365","CJ)BIG치킨마요덮밥(컵밥)","5400"
"366","CJ)햇반미역국밥(컵밥)","4200"
"367","CJ)햇반사골곰탕국밥(컵밥)","4200"
"368","CJ)햇반황태국밥(컵밥)","4200"
"369","CJ)공화춘자장덮밥(컵밥)","4800"
"370","CJ)공화춘짬뽕국밥(컵밥)","4800"
"371","CJ)스팸김치덮밥(컵밥)","4800"
"372","CJ)햇반강된장보리비빔밥(컵밥)","4800"
"373","CJ)햇반김치날치알밥(컵밥)","4800"
"374","CJ)햇반낙지콩나물비빔밥(컵밥)","4800"
"375","CJ)햇반버터장조림비빔밥","4800"
"376","CJ)햇반불고기덮밥(컵밥)","4800"
"377","CJ)햇반불닭마요덮밥(컵밥)","4800"
"378","CJ)햇반불닭소스스팸덮밥(컵밥)","4800"
"379","CJ)햇반불닭소스치킨덮밥(컵밥)","4800"
"380","CJ)햇반스팸마요덮밥(컵밥)","4800"
"381","CJ)햇반육개장국밥(컵밥)","4800"
"382","CJ)햇반참치마요덮밥(컵밥)","4800"
"383","CJ)햇반치킨마요덮밥(컵밥)","4800"
"384","CJ)햇반(발아현미밥)210G","2800"
"385","CJ)햇반(오곡밥)210G","2800"
"386","CJ)햇반(찰잡곡밥)210G","2800"
"387","CJ)햇반(현미쌀밥)210G","2800"
"388","CJ)햇반(흑미밥)210G","2800"
"389","CJ)햇반매일잡곡밥210G","2800"
"390","CJ)햇반(매일잡곡밥)210G(3입)","7200"
"391","CJ)햇반(매일찰잡곡밥)210G(3입)","7200"
"392","CJ)햇반(발아현미밥)210G(3입)","7200"
"393","CJ)햇반(현미쌀밥)210G(3입)","7200"
"394","CJ)햇반(흑미밥)210G(3입)","7200"
"395","CJ)햇반반공기130G","1700"
"396","CJ)큰햇반300G","2900"
"397","CJ)햇반(원형)210G","2100"
"398","하림)더미식유니자장면한그릇(대","4980"
"399","유동)번데기가미130G","2200"
"400","세아)꽃오징어32G","6300"
"401","동원)리챔200G","6200"
"402","동원)리챔더블라이트200G","6200"
"403","동원)매운리챔200G","6200"
"404","동원)트러플리챔200G[D2]","6200"
"405","동원)리챔340G","8200"
"406","동원)리챔120G","4200"
"407","동원)큐브참치(고소로제)[D2]","5500"
"408","동원)큐브참치(매콤고추)[D2]","5500"
"409","동원)큐브참치(볼케이노)[D2]","5500"
"410","동원)고추참치150G","4400"
"411","동원)김치찌개참치150G","4400"
"412","동원)매운고추참치150G","4400"
"413","웰그린)더치아메리카노원컵","1500"
"414","웰그린)헤이즐넛향액상원컵","1500"
"415","네스카페)수프리모골드20입[D2]","4900"
"416","네스카페)수프리모믹스20입[D2]","4900"
"417","네슬레)핫초코10입","5700"
"418","네슬레)핫쵸코오리지날원컵","1200"
"419","네스카페)테이스터스초이스20T","4500"
"420","신화)20촉촉오징어38G[D2]","4800"
"421","머거본)허니로스티드땅콩60G","2500"
"422","머거본)허니버터아몬드30G","1600"
"423","머거본)칼몬드35G","2500"
"424","스타벅스)다크로스트10T","4500"
"425","스타벅스)미디엄로스트10T","4500"
"426","티젠)콤부차(베리)10입","7500"
"427","티젠)콤부차(파인애플)10입","7500"
"428","티젠)콤부차(피치)10입","7500"
"429","티젠)콤부차10입[D2]","7500"
"430","정화)바베큐조미오징어54G","4500"
"431","정화)왕다리오징어50G","5500"
"432","샘표)우리엄마명태채볶음50G[D2]","4000"
"433","샘표)고추장고기볶음95G","3400"
"434","샘표)우리엄마깻잎(매콤한맛)","3300"
"435","샘표)질러직화풍비비큐30G(칠리)","4000"
"436","샘표)질러크레이지핫육포30G","4600"
"437","샘표)질러부드러운우육포30G","4400"
"438","담터)생강차원컵","1800"
"439","담터)쌍화차(원컵)","1800"
"440","정화)실속꿀어포2마리35G","2400"
"441","정화)정품오징어30G","5600"
"442","글로브)와구와구옥수수맛30G","2000"
"443","글로브)와구와구치즈맛30G","2000"
"444","네스퀵)초코웨하스1200","1200"
"445","샘표)게살푸팟퐁커리170G","4750"
"446","샘표)비프키마커리170G","4750"
"447","샘표)스파이시마살라커리170G","4750"
"448","ZK)스타일링끈조절마스크(검정)","3000"
"449","ZK)3D입체패션마스크(검정)1+1","2500"
"450","팔도)소림마라면(봉지)","1950"
"451","비폰)포띠가쌀국수(닭고기)","3000"
"452","진마이랑)사천식탄탄면(대컵)","2000"
"453","진마이랑)중경식마라탕면(대컵)","2000"
"454","농심)라면왕김통깨(봉지)","1700"
"455","농심)배홍동비빔면(봉지)","1200"
"456","농심)사리곰탕면(봉지)","1200"
"457","농심)오징어짬뽕(봉지)","1200"
"458","오뚜기)컵누들로제맛(소컵)","1800"
"459","오뚜기)컵누들짜장맛(소컵)","1800"
"460","오뚜기)진라면순한맛(봉지)","950"
"461","오뚜기)짜슐랭(봉지)","1400"
"462","오뚜기)진라면매운맛(대컵)","1300"
"463","오뚜기)진라면순한맛(대컵)","1300"
"464","오리온)오!현미아몬드340G","6000"
"465","동서)오곡코코볼바25G","1200"
"466","동서)콘푸라이트베리요거트바27G","1200"
"467","동서)단백질바50G","1700"
"468","동서)골든그래놀라밀크바1200","1200"
"469","동서)콘푸라이트밀크바1200","1200"
"470","동서)리츠레몬샌드96G","2000"
"471","리츠샌드위치크래커96G","2000"
"472","동서)오레오민트초코80G","1900"
"473","동서)오레오시나몬번80G","1900"
"474","동서)오레오씬즈바닐라무스84G","1900"
"475","오레오)씬즈초코무스84G","1900"
"476","하늘)미니첼머스타드어니언75G","1500"
"477","하늘)미니첼와사비75G","1500"
"478","미성)허쉬다크&화이트칩50G","1700"
"479","허쉬)초코멜로쿠키45G","1700"
"480","허쉬)초콜릿칩쿠키50G","1700"
"481","미성)오트밀치즈미니바이트220G","4500"
"482","해표)김이봉10G","1000"
"483","에이스)코코넛쌀스틱60G","2500"
"484","에이스)전천당바베큐맛80G","1500"
"485","동원)양반김(들기름김)5G","700"
"486","동원)양반밥130G","1700"
"487","동원)양반전통김17G","1800"
"488","동원)양반현미밥130G","1800"
"489","동원)양반흑미밥130G","1800"
"490","동원)양반한우사골곰탕460G","3900"
"491","동원)양반소고기미역국300G","5000"
"492","동원)양반단호박죽285G","4500"
"493","동원)양반밤단팥죽285G","4500"
"494","동원)양반야채죽285G","4500"
"495","동원)양반영양닭죽285G","4500"
"496","동원)양반참치죽285G","4500"
"497","동원)양반쇠고기죽285G","4500"
"498","유어스)양반전복죽285G","4500"
"499","롯데)초단백질바1200","1200"
"500","롯데)초에너지바1200","1200"
"501","롯데)ABC초코쿠키(쿠앤크)43G","1200"
"502","롯데)ABC초코쿠키50G","1200"
"503","갓생)HBAF쌀로별마늘빵맛69G","1500"
"504","롯데)오잉1500","1500"
"505","롯데)오잉포차꾸잉칩60G","1500"
"506","롯데)꼬깔콘(매콤달콤)1500","1500"
"507","롯데)꼬깔콘고소한맛1500","1500"
"508","롯데)꼬깔콘군옥수수1500","1500"
"509","롯데)꼬깔콘찰옥수수맛1500","1500"
"510","롯데)몽쉘(딸기맛)3000","3000"
"511","롯데)몽쉘카카오3000","3000"
"512","롯데)몽쉘크림3000","3000"
"513","롯데)마가렛트1500","1500"
"514","롯데)샌드오리지날1700","1700"
"515","롯데)샌드화이트크림깜뜨105G","1700"
"516","롯데)야채크래커83G","1700"
"517","에이스)철판에메메구운오징어37G","3800"
"518","맥심)카누라떼10입","5000"
"519","맥심)슈프림골드믹스20입","4900"
"520","맥심)화이트골드원컵","1100"
"521","하늘)비어츠와사비35G","1800"
"522","하늘)비어츠콘소메35G","1800"
"523","하늘)비어츠페퍼베이컨35G","1800"
"524","사조)살코기참치150G","4300"
"525","사조)살코기참치100G","3300"
"526","사조)한돈육포30G(데리야끼)","3800"
"527","사조)한돈육포30G(오리지널)","3800"
"528","동원)양반김부각(김치맛)50G","4200"
"529","동원)양반김부각(오리지널)50G","4200"
"530","동원)상상리챔육포(스파이시)40G","5500"
"531","동원)상상리챔육포(오리지널)40G","5500"
"532","동원)상상육포40G(비프앤치즈)","5900"
"533","동원)상상육포40G(스테이크)","5900"
"534","동원)상상육포40G(안심)","5900"
"535","동원)상상육포클래식40G","5900"
"536","진주)천하장사육포갈릭45G","5200"
"537","코주부)포켓미니살라미40G","2000"
"538","코주부)징기스칸통육포35G","4900"
"539","코주부)의성마늘육포40G","4200"
"540","동아)박카스맛젤리(신맛)1200","1200"
"541","동아)박카스맛젤리1200","1200"
"542","짱구)21곡초코바","700"
"543","위스트)모구모구젤리(딸기)150G","1500"
"544","위스트)모구모구젤리(리치)150G","1500"
"545","하늘)드링크젤리망고220G","2000"
"546","하늘)드링크젤리백포도220G","2000"
"547","하늘)드링크젤리복숭아220G","2000"
"548","마즈)트윅스탑싱글700","700"
"549","마즈)엠앤엠즈블록밀크1500","1500"
"550","마즈)엠앤엠즈블록크리스피1500","1500"
"551","마즈)스니커즈피넛싱글51G","1500"
"552","마즈)몰티져스다크1500","1500"
"553","마즈)몰티져스밀크1500","1500"
"554","크라운)마이쮸캔털루프멜론44G","1000"
"555","크라운)마이쮸딸기1500","1500"
"556","크라운)마이쮸포도1500","1500"
"557","크라운)마이쮸(딸기)800","800"
"558","크라운)마이쮸(복숭아)800","800"
"559","크라운)마이쮸(포도)800","800"
"560","훼밀리)멜로팝레인보우22G","2000"
"561","훼밀리)멜로팝퓨어바닐라22G","2000"
"562","네슬레)킷캣미니오리지널45G","2300"
"563","서울)짱구마시멜로우롤리팝","2000"
"564","에이스)전천당쑥쑥우유맛캔디30G","1500"
"565","씨믹스)계란후라이젤리2000","2000"
"566","씨믹스)스누피구미60G","2000"
"567","씨믹스)스누피사우어구미60G","2000"
"568","오리온)젤리데이포도복숭아1000","1000"
"569","오리온)핫브레이크1000","1000"
"570","오리온)마켓오민티페퍼민트2500","2500"
"571","오리온)마켓오민티피치민트2500","2500"
"572","오리온)자일리톨통껌4000","4000"
"573","오리온)아이셔캔디(소다)42G","1000"
"574","오리온)아이셔캔디(청사과)42G","1000"
"575","히치스)버블껌수수깡젤리40G","2500"
"576","히치스)사우어수수깡젤리40G","2500"
"577","히치스)수수깡젤리40G","2500"
"578","삼경)푸쵸딸기아주끼50G","2500"
"579","삼경)사케루롱복숭아젤리33G","2500"
"580","삼경)사케루롱포도젤리33G","2500"
"581","UHA)코로로소다2500","2500"
"582","UHA)코로로젤리머스켓2500","2500"
"583","UHA)코로로젤리포도2500","2500"
"584","UHA)코로로콜라2500","2500"
"585","흥선)수박씨캔디30G","1500"
"586","흥선)시크릿쥬쥬DIY팔찌캔디12G","1000"
"587","흥선)밀카오레오바1500","1500"
"588","흥선)밀카밀크초콜릿2900","2900"
"589","흥선)밀카오레오초콜릿2900","2900"
"590","흥선)오레오에그31G","1300"
"591","흥선)아이스붐딸기맛1500","1500"
"592","흥선)아이스붐레몬맛1500","1500"
"593","흥선)아이스붐복숭아맛1500","1500"
"594","흥선)아이스붐자몽맛1500","1500"
"595","더스윗)포켓몬몬스터볼젤리1000","1000"
"596","더스윗)틱톡꼬북알젤리사과160G","4000"
"597","더스윗)틱톡꼬북알젤리포도160G","4000"
"598","롯데)ABC초코2500","2500"
"599","허쉬)밀크초콜릿40G","1600"
"600","허쉬)아몬드초콜릿40G","1600"
"601","허쉬)쿠키앤초코초콜릿40G","1600"
"602","허쉬)쿠키앤크림초콜릿40G","1600"
"603","롯데)가나초콜릿마일드1000","1000"
"604","롯데)크런키초콜릿1000","1000"
"605","롯데)아몬드초코볼2000","2000"
"606","롯데)가나초코바땅콩1000","1000"
"607","롯데)가나초코바아몬드1000","1000"
"608","롯데)메론먹은죠스바젤리1200","1200"
"609","롯데)포도먹은구미1200","1200"
"610","롯데)말랑카우밀크2500","2500"
"611","롯데)스카치세가지2500","2500"
"612","구어메이)포켓몬우산별사탕30G","2500"
"613","해태)자두젤리64G","1500"
"614","해태)자유시간아몬드1000","1000"
"615","해태)자유시간크리스피1000","1000"
"616","해태)연양갱900","900"
"617","해태)연양갱카멜(미숫가루맛)55G","900"
"618","심플리쿡)리치떡볶이302G","4300"
"619","심플리쿡)매콤로제납작면볶이","4300"
"620","구르메)스모크치즈디스크100G","3900"
"621","구르메)올리브8포션치즈140G","4200"
"622","구르메)크리미8포션치즈140G","4200"
"623","빙그레)쥬시쿨금귤감귤250ML","1600"
"624","빙그레)쥬시쿨에이드사과250ML","1600"
"625","유어스)아카페라라떼380ML","2500"
"626","유어스)아카페라바닐라380ML","2500"
"627","유어스)아카페라카라멜380ML","2500"
"628","빙그레)통모짜스트링치즈18G","1300"
"629","빙그레)프로틴스트링치즈20G","1400"
"630","유어스)오늘의과일야채ABC190ML","1400"
"631","유어스)오늘의과일야채사과190ML","1400"
"632","유어스)오늘의과일야채포도190ML","1400"
"633","빙그레)따옴ABC220ML","2000"
"634","빙그레)따옴사과주스235ML","2000"
"635","빙그레)따옴오렌지주스235ML","2000"
"636","빙그레)따옴한라봉청귤235ML","2000"
"637","빙그레)우유얌딸기300ML","1500"
"638","빙그레)우유얌초코300ML","1500"
"639","빙그레)요플레프로틴맥스210ML","3200"
"640","빙그레)프로틴딸기바나나210ML","2900"
"641","빙그레)프로틴플레인210ML","2900"
"642","빙그레)더단백드링크초코250ML","2500"
"643","빙그레)더단백카라멜250ML","2500"
"644","빙그레}더단백커피250ML","2500"
"645","쿠캣)딸기쏙우유300ML","1500"
"646","쿠캣)티라미수쏙우유300ML","1500"
"647","빙그레)스페셜티컵마끼아또300ML","2500"
"648","빙그레)스페셜티컵바닐라라떼300","2500"
"649","빙그레)아카페라마끼아또240ML","1800"
"650","빙그레)아카페라바닐라라떼240ML","1800"
"651","빙그레)스페셜티에티오피아460ML","2500"
"652","빙그레)스페셜티탄자니아460ML","2500"
"653","구르메)하몽슬라이스50G","6500"
"654","Y)의성마늘매콤왕교자140G","3900"
"655","샤프란)핑크센세이션1L","3900"
"656","테크750G","5500"
"657","애경)순샘자몽리필1.4L","6900"
"658","시니어소프트)연어소시지100G","3300"
"659","퍼피아이)애견간식치즈소시지1입","700"
"660","더리얼)크리미DOG연어&닭가슴살","3600"
"661","더리얼)크리미DOG오리&닭가슴살","3600"
"662","알포1.5KG(성견용)","13900"
"663","네슬레)퓨레키스(참치&참치)4입","3500"
"664","네슬레)퓨레키스(치킨&참치)4입","3500"
"665","뉴트리스틱)참치&닭가슴살14G*4","3000"
"666","뉴트리스틱)참치&연어14G*4","3000"
"667","뉴트리스틱)참치14G*4","3000"
"668","동원)뉴트리플랜흰살참치와멸치","1800"
"669","동원)뉴트리플랜흰살참치와치즈","1800"
"670","동원)애묘파우치(참치와연어)80G","1500"
"671","유어스)동물농장애묘습식(멸치)","1500"
"672","유어스)동물농장애묘습식(참치)","1500"
"673","애견덴탈껌)치카하개(관절)8G","900"
"674","뽀빠이비타스틱14G(연어)","1500"
"675","뽀빠이비타스틱14G(치킨비프)","1500"
"676","동물농장)덴탈조인트껌4P(64G)","5500"
"677","그르르)닭가슴살22G(게살맛)","1000"
"678","그르르)닭가슴살22G(오리지날)","1000"
"679","유어스)그르르냐옹스틱(닭가슴)","900"
"680","유어스)그르르냐옹스틱(연어)","900"
"681","유어스)그르르냐옹스틱(참치)","900"
"682","그르르)고구마오리말이80G","4500"
"683","그르르)고구마치킨말이80G","4500"
"684","그르르)닭가슴살스틱80G","4500"
"685","그르르)오리가슴살스틱80G","4800"
"686","그르르)오리말이우유껌80G","4800"
"687","그르르)치킨말이우유껌80G","4500"
"688","그르르)치킨말이치즈우유껌80G","4500"
"689","그르르)훈제오리슬라이스80G","4800"
"690","동물농장)리얼치즈프로바이오틱","3500"
"691","동물농장)소프트스틱(황태)80G","3500"
"692","동물농장)돼지귀슬라이스35G","4500"
"693","삼립)그릭닭가슴살후랑크70G","2000"
"694","효성)땡초어묵바80G","2500"
"695","효성)치즈어묵바80G","2500"
"696","효성)햄어묵바80G","2500"
"697","대림)타코에꼬치다80G","2500"
"698","대림)한입에꼬치다(매운맛)90G","2500"
"699","대림)한입에꼬치다90G","2500"
"700","유어스(P)뵈르소시지80G","2500"
"701","유어스)닭가슴살후랑크70G","1800"
"702","갓생)구운양파소시지80G","2000"
"703","갓생)허니버터소시지80G","2000"
"704","롯데)에센뽀득프랑크70G(2입)","3900"
"705","롯데)에센뽀득프랑크70G","2200"
"706","롯데)키스틱55G","2000"
"707","유어스)강철부대빅팜60G","2000"
"708","대상)닭가슴살한입꼬치(로제)80G","2100"
"709","대상)닭가슴살한입꼬치80G","2100"
"710","CJ)닭가슴살스테이크100G","3900"
"711","갓생기획)닭가슴살큐브톡톡96G","3700"
"712","CJ)닭가슴살소시지(청양)80G","2800"
"713","CJ)닭가슴살소시지80G","2800"
"714","CJ)맥스봉갈릭후랑크80G","2500"
"715","CJ)맥스봉숯불구이맛핫바90G","2500"
"716","CJ)맥스봉청양고추후랑크80G","2500"
"717","CJ)직화구이꼬치바(청양)90G","2500"
"718","CJ)직화구이꼬치바90G","2500"
"719","CJ)맥스봉치즈70G","2400"
"720","CJ)맥스봉소시지150G","3500"
"721","리스테린)그린티250ML","5000"
"722","리스테린)그린티100ML","2100"
"723","리스테린)쿨민트마일드100ML","2100"
"724","리스테린)쿨민트250ML","4300"
"725","리스테린)쿨민트마일드250ML","4300"
"726","리스테린)토탈케어100ML","2200"
"727","가그린)제로380ML","4900"
"728","가그린)라임100ML","1900"
"729","가그린)오리지널100ML","1900"
"730","질레트)스킨텍면도날2입","27000"
"731","질레트)퓨전메뉴얼면도날2입","23200"
"732","크리넥스)KF-AD컴포트핏마스크","1100"
"733","페리오휴대용치약칫솔세트","3500"
"734","페리오)덴탈쿨링마우스스프레이","3500"
"735","좋은느낌)순면라이너18P","4100"
"736","좋은느낌)수퍼롱4P","3800"
"737","좋은느낌)울트라날개중4P","1900"
"738","화이트)수퍼흡수중형4P","1900"
"739","쏘피)트웬티슈퍼롱3P","3400"
"740","쏘피)트웬티대형4P","2400"
"741","쏘피)트웬티중형4P","1900"
"742","쏘피)내몸에순한면라이너28P","4700"
"743","쏘피)순한면슈퍼롱3P","3900"
"744","쏘피)볼록맞춤중형4P","1900"
"745","라엘)유기농순면커버대형12P","8500"
"746","라엘)유기농순면커버중형14P","8500"
"747","투썸)스트로베리초콜릿100ML","4200"
"748","투썸)아이스박스100ML","4200"
"749","투썸)요거트스트로베리100ML","4200"
"750","투썸)스트로베리초콜릿474ML","11300"
"751","투썸)아이스박스474ML","11300"
"752","투썸)요거트스트로베리474ML","11300"
"753","하겐)그린티아몬드바80ML","5900"
"754","하겐)녹차미니컵","5900"
"755","하겐)딸기미니컵","5900"
"756","하겐)마카다미아넛브리틀바","5900"
"757","하겐)바닐라미니컵","5900"
"758","하겐)바닐라카라멜아몬드바80ML","5900"
"759","하겐)벨지안초코미니컵","5900"
"760","하겐)수박&딸기미니컵100ML","5900"
"761","하겐)스트로베리앤크림바","5900"
"762","하겐)초콜릿촉아몬드바80ML","5900"
"763","하겐)쿠키앤크림미니컵100ML","5900"
"764","하겐)쿠키앤크림바","5900"
"765","하겐)트위스트바닐라라즈베리컵","5900"
"766","하겐)트위스트바닐라밀크티바","5900"
"767","하겐)트위스트바닐라밀크티컵","5900"
"768","하겐)트위스트초콜릿딸기바80ML","5900"
"769","나뚜루)녹차미니컵","4800"
"770","나뚜루)녹차바","4800"
"771","나뚜루)딸기미니컵","4800"
"772","나뚜루)딸기바","4800"
"773","나뚜루)바닐라미니컵","4800"
"774","나뚜루)초코미니컵","4800"
"775","나뚜루)피페리타민트초코컵","4800"
"776","일일하우)오트리치250ML","2500"
"777","일일하우)식물성프로틴밀250ML","3000"
"778","LIF)옥수수밀크180ML","1100"
"779","다논)요거톡스타볼133G","1400"
"780","다논)요거톡초코그래놀라130G","1400"
"781","다논)액티비아업딸기210ML","2000"
"782","다논)액티비아업복숭아210ML","2000"
"783","다논)액티비아업플레인210ML","2000"
"784","Y)이디야블렌딩티네이블오렌지","2200"
"785","Y)이디야블렌딩티자스민피치","2200"
"786","이디야)돌체콜드브루300ML","2900"
"787","이디야)바닐라라떼300ML","2900"
"788","이디야)쇼콜라모카300ML","2900"
"789","이디야)카페라떼300ML","2900"
"790","이디야)토피넛시그니처라떼300ML","2900"
"791","맥심)TOP플라워피니시라떼360ML","2500"
"792","맥심)TOP플라워피니시블랙360ML","2500"
"793","맥심)TOP심플리스무스라떼240ML","1900"
"794","맥심TOP)심플리스무스블랙240ML","1900"
"795","맥심)TOP너티카라멜라떼300ML","2400"
"796","맥심)TOP마일드라떼300ML(컵)","2400"
"797","맥심)TOP볼드라떼300ML(컵)","2400"
"798","맥심)TOP에스프레소라떼300ML","2400"
"799","제니코)스트링치즈24G","1500"
"800","제니코)저지방스트링치즈24G","1500"
"801","덴마크)오리진모카라떼300ML","2900"
"802","덴마크)오리진바닐라라떼300ML","2900"
"803","덴마크)오리진아메리카노300ML","2900"
"804","덴마크)오리진돌체라떼250ML","2400"
"805","덴마크)오리진카페라떼250ML","2400"
"806","덴마크)오리진토피넛라떼250ML","2400"
"807","덴마크)얼라이브망고250ML","1700"
"808","덴마크)얼라이브머스캣청포도250","1700"
"809","덴마크)얼라이브블러드오렌지250","1700"
"810","덴마크)얼라이브스위티자몽250ML","1700"
"811","덴마크)요구르트딸기275ML","2200"
"812","덴마크)요구르트베리믹스275ML","2200"
"813","덴마크)요구르트복숭아275ML","2200"
"814","덴마크)요구르트사과275ML","2200"
"815","덴마크)요구르트샤인머스캣275ML","2200"
"816","덴마크)요구르트플레인275ML","2200"
"817","유어스(P)카멜크리미모카250ML","2400"
"818","유어스(P)카멜플랫화이트250ML","2400"
"819","유어스(P)슈퍼말차라떼250ML","2500"
"820","유어스(P)버터커피250ML","2500"
"821","유어스)타이거슈가흑당밀크티300","2500"
"822","유어스)타이거슈가흑당카페라떼","2500"
"823","푸르밀)가나초코우유300ML","1650"
"824","푸르밀)검은콩우유300ML","1650"
"825","매일)어메이징오트언스위트190ML","1200"
"826","매일)어메이징오트오리지널190ML","1200"
"827","매일)엔요280ML","1700"
"828","유어스)달고나라떼250ML","2000"
"829","매일)상하미니칼슘체다치즈48G","2800"
"830","매일)상하미니크림치즈48G","2800"
"831","유어스)피크닉컵사과190ML","1800"
"832","매일)우유속에프로틴300ML","1650"
"833","투썸)스페니쉬연유라떼250ML","2600"
"834","투썸)카페라떼250ML","2600"
"835","투썸)콜드브루블랙250ML","2600"
"836","델몬트)콜드쥬스오렌지250ML","1400"
"837","델몬트)콜드쥬스포도250ML","1400"
"838","롯데)오가닉레드비트&배&토마토","1400"
"839","롯데)오가닉사과&당근125ML","1400"
"840","롯데)오가닉적포도&보라당근","1400"
"841","칸타타)라떼홀릭바닐라라떼240ML","2200"
"842","칸타타)라떼홀릭카페라떼240ML","2200"
"843","남양)테이크핏맥스고소한맛250ML","2500"
"844","남양)테이크핏맥스초코250ML","2500"
"845","남양)맛있는우유GT딸기300ML","1600"
"846","남양)맛있는우유GT초코300ML","1600"
"847","남양)맛있는우유GT커피300ML","1600"
"848","남양)프렌치몽블랑라떼320ML","2900"
"849","남양)프렌치바닐라라떼320ML","2900"
"850","남양)프렌치슈크림라떼320ML","2900"
"851","남양)프렌치에스프레소320ML","2900"
"852","남양)FC로스터리돌체연유라떼","2400"
"853","남양)FC로스터리블랙글레이즈드","2400"
"854","남양)FC로스터리에스프레소라떼","2400"
"855","남양)FC로스터리카라멜마끼아또","2400"
"856","남양)프렌치카페(카페오레)","1900"
"857","남양)프렌치카페(카푸치노)","1900"
"858","남양)프렌치카페카라멜마키아또","1900"
"859","파)쾌변(골드키위)150ML","1700"
"860","파)쾌변요구르트(사과)150ML","1700"
"861","하이뮨)프로틴밸런스액티브250ML","2900"
"862","하이뮨)프로틴밸런스액티브초코","2900"
"863","HY)오늘의야채사과당근200ML","2000"
"864","HY)오늘의야채포도비트200ML","2000"
"865","서울)올데이프룻(오렌지)250ML","1500"
"866","서울)올데이프룻(자두)250ML","1500"
"867","서울)강릉커피너티크림라떼250ML","2500"
"868","서울)강릉커피라떼250ML","2500"
"869","서울)아침에주스ABC210ML","1400"
"870","서울)아침에주스오렌지210ML","1400"
"871","서울)과즙이풍부한딸기우유220ML","2000"
"872","서울)딸기우유300ML","1650"
"873","서울)바나나우유300ML","1650"
"874","서울)초코우유300ML","1650"
"875","서울)커피우유300ML","1650"
"876","서울)흰쌀우유300ML","1650"
"877","종가집)맛김치80G","1500"
"878","종가집)맛김치130G","2500"
"879","대상)안주야매운곱창볶음160G","7900"
"880","대상)안주야양념벌집껍데기160G","7900"
"881","대상)안주야육즙팡매콤돼지구이","7900"
"882","오늘의)매콤시즈닝먹태35G","5200"
"883","삼립)하이면고기국수196G","3800"
"884","삼립)하이면장칼국수206G","3800"
"885","삼립)치킨버터갈릭오븐구이","7900"
"886","삼립)치킨히말라야소금구이","7900"
"887","동원)양반단호박죽285G(냉장)","4500"
"888","동원)양반밤단팥죽285G(냉장)","4500"
"889","동원)양반쇠고기죽287Ｇ","4500"
"890","동원)양반전복죽287G","4500"
"891","오뚜기)리얼바삭한빅핫도그120G","2800"
"892","오뚜기)딤섬새우슈마이135G","3600"
"893","오뚜기)새우볶음밥230G","4500"
"894","오뚜기)진라면볶음밥230G","4500"
"895","오뚜기)참치김치치즈볶음밥230G","4500"
"896","오뚜기)컵피자콤비네이션150G","4300"
"897","오뚜기)불고기피자UNO180G","6500"
"898","오뚜기)콤비네이션피자UNO195G","6500"
"899","반찬단지)아몬드멸치조림80G","4500"
"900","반찬단지)진미채무침80G","4500"
"901","반찬단지)가리비탕탕이젓80G","2730"
"902","반찬단지)낙지탕탕이젓80G","2730"
"903","대광)땡초매콤직화불닭발200G","8900"
"904","대광)땡초매콤직화불막창180G","8900"
"905","와인숙성훈제삼겹&생와사비236G","8900"
"906","삼립)페스츄리불고기피자","2500"
"907","삼립)페스츄리콤비네이션피자","2500"
"908","삼립)페스츄리트러플머쉬룸피자","2500"
"909","삼립)페스츄리후랑크소시지피자","2500"
"910","삼립)생치즈피자불고기","2700"
"911","삼립)생치즈피자콤비네이션","2700"
"912","칠갑)들깨떡국219G","3900"
"913","칠갑)들깨수제비188G","3900"
"914","킬바사핫도그139G","2200"
"915","마늘닭근위볶음160G","6900"
"916","CJ)고메치킨고추크런치180G","5600"
"917","CJ)스팸김치볶음밥220G","3500"
"918","CJ)비비고수제만두고기200G","4400"
"919","CJ)비비고수제만두김치200G","4400"
"920","CJ)비비고찐만두168G","4400"
"921","CJ)비비고찐만두청양고추168G","4400"
"922","CJ)육즙불고기찐만두168G","4400"
"923","CJ)비비고플랜테이블왕교자420G","6400"
"924","CJ)비비고김치200G","3200"
"925","CJ)비비고김치400G","5900"
"926","CJ)비비고보쌈무김치70G","1900"
"927","쿠캣)납작막창250G","9300"
"928","쿠캣)직화무뼈닭발160G","8900"
"929","쿠캣)매콤크림닭갈비650G","13000"
"930","쿠캣)햄폭탄부대찌개600G","8700"
"931","쿠캣)고파두부220G","6900"
"932","쿠캣)사천고파두부220G","6900"
"933","쿠캣)단짠불고기파니니","4400"
"934","쿠캣)모짜햄치즈파니니","4400"
"935","쿠캣)감자탕볶음밥250G","3300"
"936","쿠캣)야채곱창볶음밥250G","3900"
"937","허쉬)가나슈딸기파인트474ML","10900"
"938","허쉬)가나슈바나나파인트474ML","10900"
"939","허쉬)가나슈초코파인트474ML","10900"
"940","CJ행복한콩)땅콩순두부콘185ML","2500"
"941","노티드)딸기앤바나나소프트콘","2500"
"942","노티드)딸기앤초코소프트콘185ML","2500"
"943","라베스트)그릭요거콘160ML","2500"
"944","라베스트)리치치즈케이크콘","2500"
"945","라베스트)민트초코콘","2500"
"946","롯데푸드)라베스트커피플로트콘","2500"
"947","올드페리)보스톤크림바90ML","2500"
"948","허쉬)녹차초코바90ML","2500"
"949","허쉬)초코바","2500"
"950","허쉬)초코앤쿠키콘","2500"
"951","허쉬)쿠키앤크림바","2500"
"952","허쉬)토피넛초코바","2500"
"953","힛더티)슈퍼말차초코콘150ML","2500"
"954","빙)끌레도르쿠키앤크림바90ML","2200"
"955","빙그레)끌레도르쿠키앤초코90ML","2200"
"956","곰표)크림치즈바80ML","2000"
"957","롯데)말랑한찰떡아이스","2000"
"958","롯데)본가찰옥수수140ML","2000"
"959","롯데푸드)국화빵150ML","2000"
"960","롯데푸드)빵빠레초코175ML","2000"
"961","짱구)흰둥이연유콘150ML","2000"
"962","서주푸드)롤링바90ML","1500"
"963","서주푸드)롤링바망고90ML","1500"
"964","쿠캣)딸기쏙찹쌀떡바80ML","1500"
"965","해태)탱크보이120ML","1500"
"966","해태)폴라포포도120ML","1500"
"967","라벨리)아임파인80ML","1200"
"968","서주)소금담은바75ML","1200"
"969","서주)탱글탱글바리치맛70ML","1200"
"970","해태)누가바","1200"
"971","니베아)인텐시브바디로션125ML","5500"
"972","니베아)립케어모이스춰","4100"
"973","니베아)립케어스트로베리","4100"
"974","니베아)립케어체리","4100"
"975","CC)남성골지직각양말(검정)","4300"
"976","ZK)남성스니커즈2매(믹스)","5900"
"977","아비노)데일리로션71ML","7400"
"978","존슨즈)베이비오일125ML","6000"
"979","존슨즈)화이트후레쉬로션100ML","6000"
"980","뉴트로지나데일리립밤","5100"
"981","뉴트로지나)딥클린포밍클렌저50G","5000"
"982","뉴트로지나)딥클린포밍클렌100G","8900"
"983","비페스타)휴대용클렌징워터60ML","3800"
"984","갸스비)그란지매트왁스15G","4400"
"985","갸스비)스파이키왁스80G","9800"
"986","갸스비)매트&하드스프레이200ML","9000"
"987","갸스비)셋앤킵스프레이67ML","4400"
"988","블리스텍스)바이브런스립밤","5500"
